id,deck,subdeck,en,es,tr,pos,kind,tags,level,hint,example,notes,image,audio,source
foo_MgxcMMG-bb-U,trio-lingua,food,food,la comida,yemek,noun,term,meals,,,,,,,
foo_XPSMV0zKK7FG,trio-lingua,food,meal,la comida,öğün,noun,term,meals,,,,,,,
foo_apwLzpwpVQM0,trio-lingua,food,breakfast,el desayuno,kahvaltı,noun,term,meals,,,,,,,
foo_vfdCRzGsurQg,trio-lingua,food,lunch,el almuerzo / la comida,öğle yemeği,noun,term,meals,,,,,,,
foo_KpqcXtAaXEgE,trio-lingua,food,dinner,la cena,akşam yemeği,noun,term,meals,,,,,,,
foo_Oz2vBvEK4_cI,trio-lingua,food,snack,la merienda / el aperitivo,atıştırmalık,noun,term,meals,,,,,,,
foo_PKmReIWiFNHv,trio-lingua,food,dessert,el postre,tatlı,noun,term,meals,,,,,,,
foo_HNv-K3sHOSEX,trio-lingua,food,appetizer / tapas,la tapa / el entrante,meze / başlangıç,noun,term,meals,,,,,,,
foo_l4g0EucQtM_i,trio-lingua,food,bread,el pan,ekmek,noun,term,meals,,,,,,,
foo_lxFKyHWN2vKB,trio-lingua,food,soup,la sopa,çorba,noun,term,meals,,,,,,,
foo_iCSIEsAv4O0m,trio-lingua,food,salad,la ensalada,salata,noun,term,meals,,,,,,,
foo_VOvCLV06Zkv5,trio-lingua,food,meat,la carne,et,noun,term,meals,,,,,,,
foo_ueLTKwwwUFAE,trio-lingua,food,chicken (meat),el pollo,tavuk (eti),noun,term,meals,,,,,,,
foo_Gx9H2YtVaar9,trio-lingua,food,fish (food),el pescado,balık (yemek),noun,term,meals,,,,pescado = caught/eaten; pez = alive,,,
foo_ubiFWOK9IzH4,trio-lingua,food,rice,el arroz,pirinç / pilav,noun,term,meals,,,,,,,
foo_yx8hkrq3XFDR,trio-lingua,food,egg,el huevo,yumurta,noun,term,meals,,,,,,,
foo_BIgMQtLci_4v,trio-lingua,food,cheese,el queso,peynir,noun,term,meals,,,,,,,
foo_4WgogeDA08WA,trio-lingua,food,sugar,el azúcar,şeker,noun,term,meals,,,,,,,
foo_YRd2IQW2zZpZ,trio-lingua,food,salt,la sal,tuz,noun,term,meals,,,,,,,
foo_reNIdVlCt7MN,trio-lingua,food,drink,la bebida,içecek,noun,term,drinks,,,,,,,
foo_QmX7Kmrzi0kO,trio-lingua,food,water,el agua,su,noun,term,drinks,,,,feminine but takes el in singular,,,
foo_2xj8Tfh3CIZ9,trio-lingua,food,sparkling water,el agua con gas,maden suyu / gazlı su,noun,term,drinks,,,,,,,
foo_eoddFRL87tFC,trio-lingua,food,coffee,el café,kahve,noun,term,drinks,,,,,,,
foo_Tz1VjSjHVY1T,trio-lingua,food,tea,el té,çay,noun,term,drinks,,,,,,,
foo_uN694websNqV,trio-lingua,food,milk,la leche,süt,noun,term,drinks,,,,,,,
foo_h43FxpmazJ2F,trio-lingua,food,juice,el zumo / el jugo,meyve suyu,noun,term,drinks,,,,"zumo in Spain, jugo in Latin America",,,
foo_K47Cyn_scWiZ,trio-lingua,food,wine,el vino,şarap,noun,term,drinks,,,,,,,
foo_D3CL35XNdnES,trio-lingua,food,beer,la cerveza,bira,noun,term,drinks,,,,,,,
foo_Iq5svLFqQe6m,trio-lingua,food,soft drink,el refresco,gazoz / meşrubat,noun,term,drinks,,,,,,,
foo_H4Xs6Lxbre9e,trio-lingua,food,restaurant,el restaurante,restoran,noun,term,restaurant,,,,,,,
foo_tInC40flqGAb,trio-lingua,food,cafe,la cafetería / el café,kafe,noun,term,restaurant,,,,,,,
foo_L6aIzDZGE8zZ,trio-lingua,food,bar,el bar,bar,noun,term,restaurant,,,,,,,
foo_p8YaN80Ih4hJ,trio-lingua,food,menu,la carta / el menú,menü,noun,term,restaurant,,,,la carta = list of dishes; el menú = set meal,,,
foo_E07trLBbaf35,trio-lingua,food,waiter / waitress,el camarero / la camarera,garson,noun,term,restaurant,,,,,,,
foo_4FIyDXHbRmx0,trio-lingua,food,table,la mesa,masa,noun,term,restaurant,,,,,,,
foo_eVf4G9KlntRj,trio-lingua,food,chair,la silla,sandalye,noun,term,restaurant,,,,,,,
foo_MARzgYr_Qg_5,trio-lingua,food,bill / check,la cuenta,hesap,noun,term,restaurant,,,,,,,
foo_JBqqCmglTNNn,trio-lingua,food,tip,la propina,bahşiş,noun,term,restaurant,,,,,,,
foo_8nzfem4uhw07,trio-lingua,food,reservation,la reserva,rezervasyon,noun,term,restaurant,,,,,,,
foo_0W4tJenbjjmz,trio-lingua,food,dish,el plato,yemek / tabak,noun,term,restaurant,,,,,,,
foo_MB9wU6agVHWi,trio-lingua,food,glass,el vaso / la copa,bardak / kadeh,noun,term,restaurant,,,,copa for wine,,,
foo_a8acshb1i0-n,trio-lingua,food,cup,la taza,fincan,noun,term,restaurant,,,,,,,
foo_VFbaMLjpisXn,trio-lingua,food,fork,el tenedor,çatal,noun,term,restaurant,,,,,,,
foo_EzjbE-vnG0R6,trio-lingua,food,knife,el cuchillo,bıçak,noun,term,restaurant,,,,,,,
foo_zKnCMJpl0NG5,trio-lingua,food,spoon,la cuchara,kaşık,noun,term,restaurant,,,,,,,
foo_vFSGHFeZUCDN,trio-lingua,food,napkin,la servilleta,peçete,noun,term,restaurant,,,,,,,
foo_X37o2VuJ5WJm,trio-lingua,food,to eat,comer,yemek (fiil),verb,term,ordering,,,,,,,
foo_8995NvwB6PsL,trio-lingua,food,to drink,beber / tomar,içmek,verb,term,ordering,,,,,,,
foo_Vae8eawHliUV,trio-lingua,food,to order,pedir,sipariş vermek,verb,term,ordering,,,,,,,
foo_b-GBaHKx_fxI,trio-lingua,food,to pay,pagar,ödemek,verb,term,ordering,,,,,,,
foo_AXxgQiF_Qnka,trio-lingua,food,I would like…,Quisiera… / Me gustaría…,…istiyorum (kibar),phrase,phrase,ordering,,,,,,,
foo_nokTtUON5H2K,trio-lingua,food,"I want a coffee, please.","Quiero un café, por favor.","Bir kahve istiyorum, lütfen.",phrase,phrase,ordering,,,,,,,
foo_NoMa1hjaVbY8,trio-lingua,food,"A table for two, please.","Una mesa para dos, por favor.","İki kişilik bir masa, lütfen.",phrase,phrase,ordering,,,,,,,
foo_N_3XarRMe7CW,trio-lingua,food,"The menu, please.","La carta, por favor.","Menü, lütfen.",phrase,phrase,ordering,,,,,,,
foo_TX5jTISK0IqG,trio-lingua,food,What do you recommend?,¿Qué me recomienda?,Ne tavsiye edersiniz?,phrase,phrase,ordering,,,,,,,
foo_oTrprb47wjeR,trio-lingua,food,"The bill, please.","La cuenta, por favor.","Hesap, lütfen.",phrase,phrase,ordering,,,,,,,
foo_TyPNVZkgcE4M,trio-lingua,food,To go / takeaway,Para llevar,Paket / gitmek üzere,phrase,phrase,ordering,,,,,,,
foo_PoNondNYQmuV,trio-lingua,food,For here,Para tomar aquí,Burada içmek/yemek için,phrase,phrase,ordering,,,,,,,
foo_9tt7jwkpvJuo,trio-lingua,food,I am vegetarian.,Soy vegetariano / vegetariana.,Vejetaryenim.,phrase,phrase,ordering,,,,,,,
foo_mUEdZgux-Mmt,trio-lingua,food,I am allergic to…,Soy alérgico / alérgica a…,…alerjim var.,phrase,phrase,ordering,,,,,,,
foo_PH3Bp2F6jSt-,trio-lingua,food,Enjoy your meal!,¡Buen provecho!,Afiyet olsun!,phrase,phrase,ordering,,,,,,,
foo_3-lMFcnGR4Hz,trio-lingua,food,Cheers!,¡Salud!,Şerefe!,phrase,phrase,ordering,,,,,,,
foo_5zio4AbTC7ua,trio-lingua,food,I'm hungry.,Tengo hambre.,Açım.,phrase,phrase,ordering,,,,literally: I have hunger,,,
foo_hrGhEkE9dO_1,trio-lingua,food,I'm thirsty.,Tengo sed.,Susadım.,phrase,phrase,ordering,,,,literally: I have thirst,,,
foo_4ctmNik96-xl,trio-lingua,food,It's delicious.,Está delicioso / Está muy rico.,Çok lezzetli.,phrase,phrase,ordering,,,,,,,
