id,deck,subdeck,front,back
V4iI9Zv0g79P,grammar,los pares confusos,"**ser vs. estar**

which one, and when?","- **ser** → identity, origin, profession, time — *Soy de México. Es médica. Son las dos.*
- **estar** → location, temporary state, continuo — *Estoy en casa. Está cansado. Estoy comiendo.*

⚠️ Some adjectives change meaning:
- *es aburrido* (boring) / *está aburrido* (bored)
- *es listo* (clever) / *está listo* (ready)
- *es rico* (rich) / *está rico* (tasty)"
Ie95mvj1ZhUI,grammar,los pares confusos,"**por vs. para**

which one, and when?","- **por** → cause, exchange, duration, through — *Gracias por todo. Por la mañana. Pasamos por Madrid.*
- **para** → purpose, recipient, destination, deadline — *Es para ti. Estudio para aprender. Para el lunes.*"
UdUozU7iNiRU,grammar,los pares confusos,"**saber vs. conocer**

which one, and when?","- **saber** → facts, information, how to — *Sé la respuesta. Sé nadar.*
- **conocer** → people, places, familiarity — *Conozco a María. Conozco Madrid.*"
J-ZfeI5rG4LA,grammar,los pares confusos,"**muy vs. mucho**

which one, and when?","- **muy** + adjective/adverb — *muy alto, muy bien*
- **mucho** + noun, or after a verb — *mucho trabajo, trabajo mucho*

⚠️ Never *muy mucho* → **muchísimo**"
rTIJ-gr5gc5K,grammar,los pares confusos,"**bien vs. bueno**

which one, and when?","- **bien** (adverb, describes a verb) — *Cocina bien. Estoy bien.*
- **bueno** (adjective, describes a noun) — *La comida es buena.*

⚠️ bueno → **buen** before a masc. sing. noun — *un buen libro*"
Vqb9JoQDECxG,grammar,los pares confusos,"**qué vs. cuál**

which one, and when?","- **qué** → definition, or before a noun — *¿Qué es esto? ¿Qué libro quieres?*
- **cuál** → choice among options — *¿Cuál prefieres? ¿Cuál es tu nombre?*"
